iter	Logloss
0	0.464362262
1	0.4536457659
